{"stats":{"minecraft:dropped":{"minecraft:wheat_seeds":1},"minecraft:mined":{"minecraft:grass":25,"minecraft:grass_block":4,"minecraft:fern":10},"minecraft:killed_by":{"minecraft:skeleton":1},"minecraft:custom":{"minecraft:jump":37,"minecraft:time_since_rest":239,"minecraft:leave_game":1,"minecraft:deaths":1,"minecraft:sprint_one_cm":1484,"minecraft:play_time":4107,"minecraft:damage_taken":225,"minecraft:time_since_death":185,"minecraft:walk_one_cm":9823,"minecraft:total_world_time":4107,"minecraft:fly_one_cm":3430,"minecraft:drop":1,"minecraft:fall_one_cm":894},"minecraft:picked_up":{"minecraft:wheat_seeds":1,"minecraft:dirt":4}},"DataVersion":3578}